{"parameters_bounds": [[0.1, 0.3, 0.4, 0.005, 0.2], [0.4, 0.8, 0.9, 0.05, 0.8]], "parameters_precision": [0.01, 0.01, 0.01, 0.001, 0.01], "real_data": [[136500.0, 134000.0, 1000.0, 1000.0, 76500.0, 75000.0, 25500.0, 25000.0, 28600.0, 28000.0, 1000.0, 1000.0, 1000.0, 1000.0, 68300.0, 67000.0, 62200.0, 61000.0, 45000.0, 75000.0, 58000.0, 15000.0, 0.02, 9500000.0, 0.015], [138270.01481886033, 135224.69002965192, 984.7508216748697, 999.7422369951346, 76667.90912176967, 74600.62035751303, 25635.3058127946, 24848.695984463724, 28449.37244020915, 27609.59321788612, 1005.6139560550841, 999.0099264953413, 993.9150639710681, 1011.6864499053289, 68987.88948724153, 67659.85688887889, 62804.75582869998, 61702.67914993893, 44645.11038442943, 75402.59716148819, 58239.96338103519, 14871.545206429886, 0.02001758434839792, 9563863.82241332, 0.014992638356519913], [138978.6156021036, 134877.812479034, 986.306699879999, 1003.0988479434734, 77138.91831036528, 75009.72286801125, 25748.463203531057, 24959.02058606408, 28681.15825100754, 28214.024097925845, 1021.9141349032185, 1002.8285563120938, 993.3269743439022, 1003.7639839949567, 69451.94042413576, 69415.56828678848, 65194.67119284899, 62292.58089265351, 44680.496495115105, 75230.20892520403, 58773.767765466524, 15011.774632374945, 0.019969447958796963, 9635482.623692743, 0.014972234764633215], [140886.48846397994, 135842.07052004794, 983.495586712655, 991.1309196982968, 77444.4461600713, 74365.64505186197, 25694.627285945528, 24972.863707203225, 29235.060085453682, 28899.669872547838, 1018.1908420411535, 985.3135082724567, 1007.6921112177523, 1002.5673753304919, 68861.55809334642, 69371.11923726871, 65060.00481468165, 61742.72898143267, 45119.818163727905, 76103.92617452439, 58355.069463803804, 15092.018523450444, 0.02009056004182656, 9578546.420438875, 0.014953878902354485], [143758.5792682869, 135561.18094759257, 995.4050104408115, 992.163442959556, 79326.86248499586, 74244.4397954991, 25820.401345725477, 24960.909977536652, 30017.015831289067, 28814.07778048775, 1032.1956524029476, 991.3383633283447, 1012.4876153650237, 1001.6917076160229, 69615.43268071425, 69509.9141596042, 65510.497329229154, 62843.03411548989, 45156.813376906786, 75909.16752611597, 58634.733416135015, 15151.706504696818, 0.0200918220045333, 9646143.384626139, 0.014943240923099175], [143714.96053352355, 135484.98526379222, 992.1265242221879, 1000.0468936376199, 79670.57445345215, 74891.43973815287, 25995.767409955675, 25088.94979326726, 29938.803771702536, 29240.349596707147, 1000.7627633099978, 1001.9312377137907, 1007.8669863866781, 990.9723035187268, 70435.80795952708, 69443.86087571879, 65752.5490593903, 61977.48370855089, 44672.607896641115, 76014.57380584476, 58905.518297042036, 15214.117203459888, 0.019992797193341152, 9667849.82992758, 0.014957955594887], [144031.67842466864, 136313.56839876698, 985.3976341263482, 993.5549939562804, 79441.16426149862, 75633.72559151766, 26398.692872684584, 25228.065132824304, 30109.20125481657, 29303.739226799084, 1013.7850635449203, 1021.1629110312382, 1015.6716689859778, 1001.6739194179241, 70790.96383760656, 68019.01991357596, 65254.88283627642, 62660.0803551191, 45263.64710676845, 76583.19701556409, 59299.78785284657, 15143.760638595046, 0.020034351251856836, 9712157.299818603, 0.014980803475665399], [147078.60981185298, 134706.80070133434, 1010.0769999701973, 1004.8876443453911, 80601.52727048754, 75943.8862700382, 26619.814090197924, 25323.036630501545, 29864.027577170313, 28960.00896992362, 1016.162183556364, 1015.2735039316684, 1017.583112176203, 1009.4244647068839, 71875.01943750452, 68647.76118810358, 66812.72431416778, 64191.76454797042, 45122.52973234112, 76283.79396637614, 59043.84979217599, 15213.135416563924, 0.019965564976086148, 9810227.90961341, 0.01499486315694568]], "ensemble_size": 1, "N": 8, "D": 25, "convergence_precision": null, "verbose": true, "saving_file": "../calibration_results/notebook_test_20250725_1731", "initial_random_seed": null, "random_generator_state": {"bit_generator": "PCG64", "state": {"state": 10348792950499470385676620064812553215, "inc": 308259640581790307393015126327153176877}, "has_uint32": 0, "uinteger": 85652362}, "model_name": "model_func", "current_batch_index": 3, "n_sampled_params": 12, "n_jobs": 1}